Workbook
Name Slicer_Crime_Type1: #N/A
Name Slicer_Unit_Name: #N/A
Name Slicer_Unit_Name1: #N/A

Sheet Sheet1
A3: Row Labels | B3: Sum of Total | D3: Row Labels | E3: Sum of Total Crime | G3: Row Labels | H3: Sum of Total | J3: Row Labels | K3: Sum of Total | M3: Row Labels | N3: Sum of Total | P3: Row Labels | Q3: Sum of Total Crime | R3: Sum of Total Recovery | T3: Row Labels | U3: Sum of Murder | V3: Sum of Dacoity | W3: Sum of Woman & Child Repression | X3: Sum of Kidnapping | Y3: Sum of Arms Act
A4: Barisal Range | B4: 14942 | D4: BARISHAL | E4: 0.089744018 | G4: BARISHAL | H4: 16127 | J4: Chittagong Range | K4: 28977 | M4: BMP | N4: 1185 | P4: BARISHAL | Q4: 16127 | R4: 6448 | T4: BARISHAL | U4: 190 | V4: 33 | W4: 1607 | X4: 57 | Y4: 43
A5: BMP | B5: 1185 | D5: CHITTAGONG | E5: 0.18830829 | G5: CHITTAGONG | H5: 33839 | J5: Dhaka Range | K5: 43422 | M5: Railway Range | N5: 788 | P5: CHITTAGONG | Q5: 33839 | R5: 11067 | T5: CHITTAGONG | U5: 793 | V5: 112 | W5: 4243 | X5: 149 | Y5: 599
A6: Chittagong Range | B6: 28977 | D6: DHAKA | E6: 0.35141347 | G6: DHAKA | H6: 63149 | J6: DMP | K6: 19727 | M6: SMP | N6: 1393 | P6: DHAKA | Q6: 63149 | R6: 22409 | T6: DHAKA | U6: 1476 | V6: 195 | W6: 6602 | X6: 351 | Y6: 630
A7: CMP | B7: 4862 | D7: KHULNA | E7: 0.10242627 | G7: KHULNA | H7: 18406 | J7: Grand Total | K7: 92126 | M7: Grand Total | N7: 3366 | P7: KHULNA | Q7: 18406 | R7: 3381 | T7: KHULNA | U7: 469 | V7: 50 | W7: 3624 | X7: 86 | Y7: 351
A8: Dhaka Range | B8: 43422 | D8: RAILWAY | E8: 0.0043850863 | G8: RAILWAY | H8: 788 | P8: RAILWAY | Q8: 788 | R8: 526 | T8: RAILWAY | U8: 24 | V8: 2 | W8: 5 | X8: 8 | Y8: 4
A9: DMP | B9: 19727 | D9: RAJSHAHI | E9: 0.10679466 | G9: RAJSHAHI | H9: 19191 | P9: RAJSHAHI | Q9: 19191 | R9: 5482 | T9: RAJSHAHI | U9: 466 | V9: 37 | W9: 2470 | X9: 78 | Y9: 336
A10: Khulna Range | B10: 16764 | D10: RANGPUR | E10: 0.086260434 | G10: RANGPUR | H10: 15501 | P10: RANGPUR | Q10: 15501 | R10: 1914 | T10: RANGPUR | U10: 328 | V10: 17 | W10: 2587 | X10: 34 | Y10: 53
A11: KMP | B11: 1642 | D11: SYLHET | E11: 0.07066778 | G11: SYLHET | H11: 12699 | P11: SYLHET | Q11: 12699 | R11: 4270 | T11: SYLHET | U11: 289 | V11: 45 | W11: 1082 | X11: 43 | Y11: 65
A12: Railway Range | B12: 788 | D12: Grand Total | E12: 1 | G12: Grand Total | H12: 179700 | P12: Grand Total | Q12: 179700 | R12: 55497 | T12: Grand Total | U12: 4035 | V12: 491 | W12: 22220 | X12: 806 | Y12: 2081
A13: Rajshahi Range | B13: 17446
A14: Rangpur Range | B14: 15501
A15: RMP | B15: 1745
A16: SMP | B16: 1393
A17: Sylhet Range | B17: 11306
A18: Grand Total | B18: 179700

Sheet Sheet2
A1: TOP CRIME RATE
A2: Unit Name | B2: Divition | C2: Crime Type | D2: Rank | E2: Cases
A3: DMP | B3: =VLOOKUP(A3,Main!$A$4:$B$17,2,0) -> DHAKA | C3: Dacoity | D3: {=_xlfn.XLOOKUP(Sheet2!C3,'Insights & Interpretation'!$B$3:$B$16,'Insights & Interpretation'!$A$3:A$16,0)} -> 2 | E3: 45
A4: CMP | B4: =VLOOKUP(A4,Main!$A$4:$B$17,2,0) -> CHITTAGONG | C4: Dacoity | D4: {=_xlfn.XLOOKUP(Sheet2!C4,'Insights & Interpretation'!$B$3:$B$16,'Insights & Interpretation'!$A$3:A$16,0)} -> 2 | E4: 5
A5: KMP | B5: =VLOOKUP(A5,Main!$A$4:$B$17,2,0) -> KHULNA | C5: Dacoity | D5: {=_xlfn.XLOOKUP(Sheet2!C5,'Insights & Interpretation'!$B$3:$B$16,'Insights & Interpretation'!$A$3:A$16,0)} -> 2 | E5: 9
A6: RMP | B6: =VLOOKUP(A6,Main!$A$4:$B$17,2,0) -> RAJSHAHI | C6: Dacoity | D6: {=_xlfn.XLOOKUP(Sheet2!C6,'Insights & Interpretation'!$B$3:$B$16,'Insights & Interpretation'!$A$3:A$16,0)} -> 2 | E6: 0
A7: BMP | B7: =VLOOKUP(A7,Main!$A$4:$B$17,2,0) -> BARISHAL | C7: Dacoity | D7: {=_xlfn.XLOOKUP(Sheet2!C7,'Insights & Interpretation'!$B$3:$B$16,'Insights & Interpretation'!$A$3:A$16,0)} -> 2 | E7: 2
A8: SMP | B8: =VLOOKUP(A8,Main!$A$4:$B$17,2,0) -> SYLHET | C8: Dacoity | D8: {=_xlfn.XLOOKUP(Sheet2!C8,'Insights & Interpretation'!$B$3:$B$16,'Insights & Interpretation'!$A$3:A$16,0)} -> 2 | E8: 19
A9: Dhaka Range | B9: =VLOOKUP(A9,Main!$A$4:$B$17,2,0) -> DHAKA | C9: Dacoity | D9: {=_xlfn.XLOOKUP(Sheet2!C9,'Insights & Interpretation'!$B$3:$B$16,'Insights & Interpretation'!$A$3:A$16,0)} -> 2 | E9: 150
A10: Chittagong Range | B10: =VLOOKUP(A10,Main!$A$4:$B$17,2,0) -> CHITTAGONG | C10: Dacoity | D10: {=_xlfn.XLOOKUP(Sheet2!C10,'Insights & Interpretation'!$B$3:$B$16,'Insights & Interpretation'!$A$3:A$16,0)} -> 2 | E10: 107
A11: Sylhet Range | B11: =VLOOKUP(A11,Main!$A$4:$B$17,2,0) -> SYLHET | C11: Dacoity | D11: {=_xlfn.XLOOKUP(Sheet2!C11,'Insights & Interpretation'!$B$3:$B$16,'Insights & Interpretation'!$A$3:A$16,0)} -> 2 | E11: 26
A12: Khulna Range | B12: =VLOOKUP(A12,Main!$A$4:$B$17,2,0) -> KHULNA | C12: Dacoity | D12: {=_xlfn.XLOOKUP(Sheet2!C12,'Insights & Interpretation'!$B$3:$B$16,'Insights & Interpretation'!$A$3:A$16,0)} -> 2 | E12: 41
A13: Barisal Range | B13: =VLOOKUP(A13,Main!$A$4:$B$17,2,0) -> BARISHAL | C13: Dacoity | D13: {=_xlfn.XLOOKUP(Sheet2!C13,'Insights & Interpretation'!$B$3:$B$16,'Insights & Interpretation'!$A$3:A$16,0)} -> 2 | E13: 31
A14: Rajshahi Range | B14: =VLOOKUP(A14,Main!$A$4:$B$17,2,0) -> RAJSHAHI | C14: Dacoity | D14: {=_xlfn.XLOOKUP(Sheet2!C14,'Insights & Interpretation'!$B$3:$B$16,'Insights & Interpretation'!$A$3:A$16,0)} -> 2 | E14: 37
... A198: Railway Range | B198: =VLOOKUP(A198,Main!$A$4:$B$17,2,0) -> RAILWAY | C198: Smuggling | D198: {=_xlfn.XLOOKUP(Sheet2!C198,'Insights & Interpretation'!$B$3:$B$16,'Insights & Interpretation'!$A$3:A$16,0)} -> 8 | E198: 118

Sheet Sheet5
A1: Crime Type | B1: Arms Act
A3: Row Labels | B3: Sum of Cases
A4: BARISHAL | B4: 43
A5: CHITTAGONG | B5: 599
A6: DHAKA | B6: 630
A7: KHULNA | B7: 351
A8: RAILWAY | B8: 4
A9: RAJSHAHI | B9: 336
A10: RANGPUR | B10: 53
A11: SYLHET | B11: 65
A12: Grand Total | B12: 2081

Sheet Sheet4
A1: Unit Name | B1: Divition | C1: Crime Type | D1: Rank | E1: Cases
A2: DMP | B2: DHAKA | C2: Dacoity | D2: 2 | E2: 45
A3: CMP | B3: CHITTAGONG | C3: Dacoity | D3: 2 | E3: 5
A4: KMP | B4: KHULNA | C4: Dacoity | D4: 2 | E4: 9
A5: RMP | B5: RAJSHAHI | C5: Dacoity | D5: 2 | E5: 0
A6: BMP | B6: BARISHAL | C6: Dacoity | D6: 2 | E6: 2
A7: SMP | B7: SYLHET | C7: Dacoity | D7: 2 | E7: 19
A8: Dhaka Range | B8: DHAKA | C8: Dacoity | D8: 2 | E8: 150
A9: Chittagong Range | B9: CHITTAGONG | C9: Dacoity | D9: 2 | E9: 107
A10: Sylhet Range | B10: SYLHET | C10: Dacoity | D10: 2 | E10: 26
A11: Khulna Range | B11: KHULNA | C11: Dacoity | D11: 2 | E11: 41
A12: Barisal Range | B12: BARISHAL | C12: Dacoity | D12: 2 | E12: 31
A13: Rajshahi Range | B13: RAJSHAHI | C13: Dacoity | D13: 2 | E13: 37
... A71: Railway Range | B71: RAILWAY | C71: Arms Act | D71: 5 | E71: 4

Sheet Sheet3
A1: Unit Name | B1: BMP
A3: Row Labels | B3: Sum of Cases
A4: Arms Act | B4: 17
A5: Burglary | B5: 33
A6: Dacoity | B6: 2
A7: Explosive | B7: 0
A8: Kidnapping | B8: 4
A9: Murder | B9: 15
A10: Narcotics | B10: 557
A11: Police Assault | B11: 8
A12: Riot | B12: 0
A13: Robbery | B13: 11
A14: Smuggling | B14: 2
A15: Speedy Trial | B15: 5
... A18: Grand Total | B18: 814

Sheet Main
A1: Crime Statistics - 2015
N2: Recovery Cases
A3: Unit Name | B3: Division | C3: Dacoity | D3: Robbery | E3: Murder | F3: Speedy Trial | G3: Riot | H3: Woman & Child Repression | I3: Kidnapping | J3: Police Assault | K3: Burglary | L3: Theft | M3: OtherCases | N3: Arms Act | O3: Explosive | P3: Narcotics | Q3: Smuggling | R3: Total Crime | S3: Rank | T3: Total Recovery
A4: DMP | B4: DHAKA | C4: 45 | D4: 205 | E4: 239 | F4: 226 | G4: 26 | H4: 1550 | I4: 146 | J4: 118 | K4: 642 | L4: 1711 | M4: 5795 | N4: 263 | O4: 195 | P4: 8365 | Q4: 201 | R4: =SUM(C4:Q4) -> 19727 | S4: =RANK(R4,($R$4:$R$17),0) -> 3 | T4: =SUM(N4:Q4) -> 9024
A5: CMP | B5: CHITTAGONG | C5: 5 | D5: 61 | E5: 105 | F5: 67 | G5: 25 | H5: 357 | I5: 51 | J5: 30 | K5: 128 | L5: 262 | M5: 1497 | N5: 101 | O5: 40 | P5: 2090 | Q5: 43 | R5: =SUM(C5:Q5) -> 4862 | S5: =RANK(R5,($R$4:$R$17),0) -> 9 | T5: =SUM(N5:Q5) -> 2274
A6: KMP | B6: KHULNA | C6: 9 | D6: 15 | E6: 30 | F6: 19 | G6: 0 | H6: 146 | I6: 7 | J6: 3 | K6: 49 | L6: 95 | M6: 574 | N6: 21 | O6: 13 | P6: 659 | Q6: 2 | R6: =SUM(C6:Q6) -> 1642 | S6: =RANK(R6,($R$4:$R$17),0) -> 11 | T6: =SUM(N6:Q6) -> 695
A7: RMP | B7: RAJSHAHI | C7: 0 | D7: 19 | E7: 20 | F7: 12 | G7: 4 | H7: 131 | I7: 8 | J7: 18 | K7: 39 | L7: 66 | M7: 463 | N7: 23 | O7: 30 | P7: 733 | Q7: 179 | R7: =SUM(C7:Q7) -> 1745 | S7: =RANK(R7,($R$4:$R$17),0) -> 10 | T7: =SUM(N7:Q7) -> 965
A8: BMP | B8: BARISHAL | C8: 2 | D8: 11 | E8: 15 | F8: 5 | G8: 0 | H8: 110 | I8: 4 | J8: 8 | K8: 33 | L8: 50 | M8: 371 | N8: 17 | O8: 0 | P8: 557 | Q8: 2 | R8: =SUM(C8:Q8) -> 1185 | S8: =RANK(R8,($R$4:$R$17),0) -> 13 | T8: =SUM(N8:Q8) -> 576
A9: SMP | B9: SYLHET | C9: 19 | D9: 14 | E9: 37 | F9: 22 | G9: 4 | H9: 139 | I9: 10 | J9: 8 | K9: 25 | L9: 89 | M9: 819 | N9: 11 | O9: 5 | P9: 183 | Q9: 8 | R9: =SUM(C9:Q9) -> 1393 | S9: =RANK(R9,($R$4:$R$17),0) -> 12 | T9: =SUM(N9:Q9) -> 207
A10: Dhaka Range | B10: DHAKA | C10: 150 | D10: 164 | E10: 1237 | F10: 558 | G10: 0 | H10: 5052 | I10: 205 | J10: 113 | K10: 471 | L10: 1565 | M10: 20522 | N10: 367 | O10: 68 | P10: 12430 | Q10: 520 | R10: =SUM(C10:Q10) -> 43422 | S10: =RANK(R10,($R$4:$R$17),0) -> 1 | T10: =SUM(N10:Q10) -> 13385
A11: Chittagong Range | B11: CHITTAGONG | C11: 107 | D11: 133 | E11: 688 | F11: 151 | G11: 28 | H11: 3886 | I11: 98 | J11: 163 | K11: 406 | L11: 906 | M11: 13618 | N11: 498 | O11: 59 | P11: 8012 | Q11: 224 | R11: =SUM(C11:Q11) -> 28977 | S11: =RANK(R11,($R$4:$R$17),0) -> 2 | T11: =SUM(N11:Q11) -> 8793
A12: Sylhet Range | B12: SYLHET | C12: 26 | D12: 26 | E12: 252 | F12: 70 | G12: 3 | H12: 943 | I12: 33 | J12: 43 | K12: 76 | L12: 326 | M12: 5445 | N12: 54 | O12: 11 | P12: 3787 | Q12: 211 | R12: =SUM(C12:Q12) -> 11306 | S12: =RANK(R12,($R$4:$R$17),0) -> 8 | T12: =SUM(N12:Q12) -> 4063
A13: Khulna Range | B13: KHULNA | C13: 41 | D13: 112 | E13: 439 | F13: 151 | G13: 2 | H13: 3478 | I13: 79 | J13: 41 | K13: 250 | L13: 513 | M13: 8972 | N13: 330 | O13: 119 | P13: 1020 | Q13: 1217 | R13: =SUM(C13:Q13) -> 16764 | S13: =RANK(R13,($R$4:$R$17),0) -> 5 | T13: =SUM(N13:Q13) -> 2686
A14: Barisal Range | B14: BARISHAL | C14: 31 | D14: 47 | E14: 175 | F14: 58 | G14: 1 | H14: 1497 | I14: 53 | J14: 20 | K14: 156 | L14: 266 | M14: 6766 | N14: 26 | O14: 22 | P14: 5797 | Q14: 27 | R14: =SUM(C14:Q14) -> 14942 | S14: =RANK(R14,($R$4:$R$17),0) -> 7 | T14: =SUM(N14:Q14) -> 5872
A15: Rajshahi Range | B15: RAJSHAHI | C15: 37 | D15: 66 | E15: 446 | F15: 159 | G15: 0 | H15: 2339 | I15: 70 | J15: 40 | K15: 72 | L15: 441 | M15: 9259 | N15: 313 | O15: 144 | P15: 1988 | Q15: 2072 | R15: =SUM(C15:Q15) -> 17446 | S15: =RANK(R15,($R$4:$R$17),0) -> 4 | T15: =SUM(N15:Q15) -> 4517
... A17: Railway Range | B17: RAILWAY | C17: 2 | D17: 10 | E17: 24 | F17: 2 | G17: 0 | H17: 5 | I17: 8 | J17: 1 | K17: 1 | L17: 71 | M17: 138 | N17: 4 | O17: 9 | P17: 395 | Q17: 118 | R17: =SUM(C17:Q17) -> 788 | S17: =RANK(R17,($R$4:$R$17),0) -> 14 | T17: =SUM(N17:Q17) -> 526
A18: Total | C18: 491 | D18: 933 | E18: 4035 | F18: 1544 | G18: 93 | H18: 21220 | I18: 806 | J18: 629 | K18: 2494 | L18: 6821 | M18: 84137 | N18: 2081 | O18: 725 | P18: 47692 | Q18: 6179 | R18: =SUM(C18:Q18) -> 179880 | T18: =SUM(N18:Q18) -> 56677
A19: Mean | C19: =AVERAGE(C4:C17) -> 35.071429 | D19: =AVERAGE(D4:D17) -> 66.642857 | E19: =AVERAGE(E4:E17) -> 288.21429 | F19: =AVERAGE(F4:F17) -> 110.28571 | G19: =AVERAGE(G4:G17) -> 6.6428571 | H19: =AVERAGE(H4:H17) -> 1587.1429 | I19: =AVERAGE(I4:I17) -> 57.571429 | J19: =AVERAGE(J4:J17) -> 44.928571 | ... R19: =AVERAGE(R4:R17) -> 12835.714
A20: Standard Deviation | C20: =_xlfn.STDEV.S(C4:C17) -> 43.149943 | D20: =_xlfn.STDEV.S(D4:D17) -> 62.904821 | E20: =_xlfn.STDEV.S(E4:E17) -> 340.30918 | F20: =_xlfn.STDEV.S(F4:F17) -> 146.43162 | G20: =_xlfn.STDEV.S(G4:G17) -> 10.788934 | H20: =_xlfn.STDEV.S(H4:H17) -> 1648.9505 | I20: =_xlfn.STDEV.S(I4:I17) -> 59.24618 | J20: =_xlfn.STDEV.S(J4:J17) -> 49.940679 | ... R20: =_xlfn.STDEV.S(R4:R17) -> 12458.62

Sheet Heatmap
B2: Dacoity | C2: Robbery | D2: Murder | E2: Speedy Trial | F2: Riot | G2: Woman & Child Repression | H2: Kidnapping | I2: Police Assault | J2: Burglary | K2: Theft | L2: Arms Act | M2: Explosive | N2: Narcotics | O2: Smuggling
A3: DHAKA | B3: {=SUMPRODUCT((Main!$C$4:$Q$17)*(Main!$B$4:$B$17=Heatmap!$A$3)*(Main!$C$3:$Q$3=Heatmap!B2))} -> 195 | C3: {=SUMPRODUCT((Main!$C$4:$Q$17)*(Main!$B$4:$B$17=Heatmap!$A$3)*(Main!$C$3:$Q$3=Heatmap!C2))} -> 369 | D3: {=SUMPRODUCT((Main!$C$4:$Q$17)*(Main!$B$4:$B$17=Heatmap!$A$3)*(Main!$C$3:$Q$3=Heatmap!D2))} -> 1476 | E3: {=SUMPRODUCT((Main!$C$4:$Q$17)*(Main!$B$4:$B$17=Heatmap!$A$3)*(Main!$C$3:$Q$3=Heatmap!E2))} -> 784 | F3: {=SUMPRODUCT((Main!$C$4:$Q$17)*(Main!$B$4:$B$17=Heatmap!$A$3)*(Main!$C$3:$Q$3=Heatmap!F2))} -> 26 | G3: {=SUMPRODUCT((Main!$C$4:$Q$17)*(Main!$B$4:$B$17=Heatmap!$A$3)*(Main!$C$3:$Q$3=Heatmap!G2))} -> 6602 | H3: {=SUMPRODUCT((Main!$C$4:$Q$17)*(Main!$B$4:$B$17=Heatmap!$A$3)*(Main!$C$3:$Q$3=Heatmap!H2))} -> 351 | I3: {=SUMPRODUCT((Main!$C$4:$Q$17)*(Main!$B$4:$B$17=Heatmap!$A$3)*(Main!$C$3:$Q$3=Heatmap!I2))} -> 231 | ... O3: {=SUMPRODUCT((Main!$C$4:$Q$17)*(Main!$B$4:$B$17=Heatmap!$A$3)*(Main!$C$3:$Q$3=Heatmap!O2))} -> 721
A4: CHITTAGONG | B4: {=SUMPRODUCT((Main!$C$4:$Q$17)*(Main!$B$4:$B$17=Heatmap!$A$4)*(Main!$C$3:$Q$3=Heatmap!B2))} -> 112 | C4: {=SUMPRODUCT((Main!$C$4:$Q$17)*(Main!$B$4:$B$17=Heatmap!$A$4)*(Main!$C$3:$Q$3=Heatmap!C2))} -> 194 | D4: {=SUMPRODUCT((Main!$C$4:$Q$17)*(Main!$B$4:$B$17=Heatmap!$A$4)*(Main!$C$3:$Q$3=Heatmap!D2))} -> 793 | E4: {=SUMPRODUCT((Main!$C$4:$Q$17)*(Main!$B$4:$B$17=Heatmap!$A$4)*(Main!$C$3:$Q$3=Heatmap!E2))} -> 218 | F4: {=SUMPRODUCT((Main!$C$4:$Q$17)*(Main!$B$4:$B$17=Heatmap!$A$4)*(Main!$C$3:$Q$3=Heatmap!F2))} -> 53 | G4: {=SUMPRODUCT((Main!$C$4:$Q$17)*(Main!$B$4:$B$17=Heatmap!$A$4)*(Main!$C$3:$Q$3=Heatmap!G2))} -> 4243 | H4: {=SUMPRODUCT((Main!$C$4:$Q$17)*(Main!$B$4:$B$17=Heatmap!$A$4)*(Main!$C$3:$Q$3=Heatmap!H2))} -> 149 | I4: {=SUMPRODUCT((Main!$C$4:$Q$17)*(Main!$B$4:$B$17=Heatmap!$A$4)*(Main!$C$3:$Q$3=Heatmap!I2))} -> 193 | ... O4: {=SUMPRODUCT((Main!$C$4:$Q$17)*(Main!$B$4:$B$17=Heatmap!$A$4)*(Main!$C$3:$Q$3=Heatmap!O2))} -> 267
A5: KHULNA | B5: {=SUMPRODUCT((Main!$C$4:$Q$17)*(Main!$B$4:$B$17=Heatmap!$A$5)*(Main!$C$3:$Q$3=Heatmap!B2))} -> 50 | C5: {=SUMPRODUCT((Main!$C$4:$Q$17)*(Main!$B$4:$B$17=Heatmap!$A$5)*(Main!$C$3:$Q$3=Heatmap!C2))} -> 127 | D5: {=SUMPRODUCT((Main!$C$4:$Q$17)*(Main!$B$4:$B$17=Heatmap!$A$5)*(Main!$C$3:$Q$3=Heatmap!D2))} -> 469 | E5: {=SUMPRODUCT((Main!$C$4:$Q$17)*(Main!$B$4:$B$17=Heatmap!$A$5)*(Main!$C$3:$Q$3=Heatmap!E2))} -> 170 | F5: {=SUMPRODUCT((Main!$C$4:$Q$17)*(Main!$B$4:$B$17=Heatmap!$A$5)*(Main!$C$3:$Q$3=Heatmap!F2))} -> 2 | G5: {=SUMPRODUCT((Main!$C$4:$Q$17)*(Main!$B$4:$B$17=Heatmap!$A$5)*(Main!$C$3:$Q$3=Heatmap!G2))} -> 3624 | H5: {=SUMPRODUCT((Main!$C$4:$Q$17)*(Main!$B$4:$B$17=Heatmap!$A$5)*(Main!$C$3:$Q$3=Heatmap!H2))} -> 86 | I5: {=SUMPRODUCT((Main!$C$4:$Q$17)*(Main!$B$4:$B$17=Heatmap!$A$5)*(Main!$C$3:$Q$3=Heatmap!I2))} -> 44 | ... O5: {=SUMPRODUCT((Main!$C$4:$Q$17)*(Main!$B$4:$B$17=Heatmap!$A$5)*(Main!$C$3:$Q$3=Heatmap!O2))} -> 1219
A6: RAJSHAHI | B6: {=SUMPRODUCT((Main!$C$4:$Q$17)*(Main!$B$4:$B$17=Heatmap!$A$6)*(Main!$C$3:$Q$3=Heatmap!B2))} -> 37 | C6: {=SUMPRODUCT((Main!$C$4:$Q$17)*(Main!$B$4:$B$17=Heatmap!$A$6)*(Main!$C$3:$Q$3=Heatmap!C2))} -> 85 | D6: {=SUMPRODUCT((Main!$C$4:$Q$17)*(Main!$B$4:$B$17=Heatmap!$A$6)*(Main!$C$3:$Q$3=Heatmap!D2))} -> 466 | E6: {=SUMPRODUCT((Main!$C$4:$Q$17)*(Main!$B$4:$B$17=Heatmap!$A$6)*(Main!$C$3:$Q$3=Heatmap!E2))} -> 171 | F6: {=SUMPRODUCT((Main!$C$4:$Q$17)*(Main!$B$4:$B$17=Heatmap!$A$6)*(Main!$C$3:$Q$3=Heatmap!F2))} -> 4 | G6: {=SUMPRODUCT((Main!$C$4:$Q$17)*(Main!$B$4:$B$17=Heatmap!$A$6)*(Main!$C$3:$Q$3=Heatmap!G2))} -> 2470 | H6: {=SUMPRODUCT((Main!$C$4:$Q$17)*(Main!$B$4:$B$17=Heatmap!$A$6)*(Main!$C$3:$Q$3=Heatmap!H2))} -> 78 | I6: {=SUMPRODUCT((Main!$C$4:$Q$17)*(Main!$B$4:$B$17=Heatmap!$A$6)*(Main!$C$3:$Q$3=Heatmap!I2))} -> 58 | ... O6: {=SUMPRODUCT((Main!$C$4:$Q$17)*(Main!$B$4:$B$17=Heatmap!$A$6)*(Main!$C$3:$Q$3=Heatmap!O2))} -> 2251
A7: BARISHAL | B7: {=SUMPRODUCT((Main!$C$4:$Q$17)*(Main!$B$4:$B$17=Heatmap!$A$7)*(Main!$C$3:$Q$3=Heatmap!B2))} -> 33 | C7: {=SUMPRODUCT((Main!$C$4:$Q$17)*(Main!$B$4:$B$17=Heatmap!$A$7)*(Main!$C$3:$Q$3=Heatmap!C2))} -> 58 | D7: {=SUMPRODUCT((Main!$C$4:$Q$17)*(Main!$B$4:$B$17=Heatmap!$A$7)*(Main!$C$3:$Q$3=Heatmap!D2))} -> 190 | E7: {=SUMPRODUCT((Main!$C$4:$Q$17)*(Main!$B$4:$B$17=Heatmap!$A$7)*(Main!$C$3:$Q$3=Heatmap!E2))} -> 63 | F7: {=SUMPRODUCT((Main!$C$4:$Q$17)*(Main!$B$4:$B$17=Heatmap!$A$7)*(Main!$C$3:$Q$3=Heatmap!F2))} -> 1 | G7: {=SUMPRODUCT((Main!$C$4:$Q$17)*(Main!$B$4:$B$17=Heatmap!$A$7)*(Main!$C$3:$Q$3=Heatmap!G2))} -> 1607 | H7: {=SUMPRODUCT((Main!$C$4:$Q$17)*(Main!$B$4:$B$17=Heatmap!$A$7)*(Main!$C$3:$Q$3=Heatmap!H2))} -> 57 | I7: {=SUMPRODUCT((Main!$C$4:$Q$17)*(Main!$B$4:$B$17=Heatmap!$A$7)*(Main!$C$3:$Q$3=Heatmap!I2))} -> 28 | ... O7: {=SUMPRODUCT((Main!$C$4:$Q$17)*(Main!$B$4:$B$17=Heatmap!$A$7)*(Main!$C$3:$Q$3=Heatmap!O2))} -> 29
A8: SYLHET | B8: {=SUMPRODUCT((Main!$C$4:$Q$17)*(Main!$B$4:$B$17=Heatmap!$A$8)*(Main!$C$3:$Q$3=Heatmap!B2))} -> 45 | C8: {=SUMPRODUCT((Main!$C$4:$Q$17)*(Main!$B$4:$B$17=Heatmap!$A$8)*(Main!$C$3:$Q$3=Heatmap!C2))} -> 40 | D8: {=SUMPRODUCT((Main!$C$4:$Q$17)*(Main!$B$4:$B$17=Heatmap!$A$8)*(Main!$C$3:$Q$3=Heatmap!D2))} -> 289 | E8: {=SUMPRODUCT((Main!$C$4:$Q$17)*(Main!$B$4:$B$17=Heatmap!$A$8)*(Main!$C$3:$Q$3=Heatmap!E2))} -> 92 | F8: {=SUMPRODUCT((Main!$C$4:$Q$17)*(Main!$B$4:$B$17=Heatmap!$A$8)*(Main!$C$3:$Q$3=Heatmap!F2))} -> 7 | G8: {=SUMPRODUCT((Main!$C$4:$Q$17)*(Main!$B$4:$B$17=Heatmap!$A$8)*(Main!$C$3:$Q$3=Heatmap!G2))} -> 1082 | H8: {=SUMPRODUCT((Main!$C$4:$Q$17)*(Main!$B$4:$B$17=Heatmap!$A$8)*(Main!$C$3:$Q$3=Heatmap!H2))} -> 43 | I8: {=SUMPRODUCT((Main!$C$4:$Q$17)*(Main!$B$4:$B$17=Heatmap!$A$8)*(Main!$C$3:$Q$3=Heatmap!I2))} -> 51 | ... O8: {=SUMPRODUCT((Main!$C$4:$Q$17)*(Main!$B$4:$B$17=Heatmap!$A$8)*(Main!$C$3:$Q$3=Heatmap!O2))} -> 219
A9: RANGPUR | B9: {=SUMPRODUCT((Main!$C$4:$Q$17)*(Main!$B$4:$B$17=Heatmap!$A$9)*(Main!$C$3:$Q$3=Heatmap!B2))} -> 17 | C9: {=SUMPRODUCT((Main!$C$4:$Q$17)*(Main!$B$4:$B$17=Heatmap!$A$9)*(Main!$C$3:$Q$3=Heatmap!C2))} -> 50 | D9: {=SUMPRODUCT((Main!$C$4:$Q$17)*(Main!$B$4:$B$17=Heatmap!$A$9)*(Main!$C$3:$Q$3=Heatmap!D2))} -> 328 | E9: {=SUMPRODUCT((Main!$C$4:$Q$17)*(Main!$B$4:$B$17=Heatmap!$A$9)*(Main!$C$3:$Q$3=Heatmap!E2))} -> 44 | F9: {=SUMPRODUCT((Main!$C$4:$Q$17)*(Main!$B$4:$B$17=Heatmap!$A$9)*(Main!$C$3:$Q$3=Heatmap!F2))} -> 0 | G9: {=SUMPRODUCT((Main!$C$4:$Q$17)*(Main!$B$4:$B$17=Heatmap!$A$9)*(Main!$C$3:$Q$3=Heatmap!G2))} -> 2587 | H9: {=SUMPRODUCT((Main!$C$4:$Q$17)*(Main!$B$4:$B$17=Heatmap!$A$9)*(Main!$C$3:$Q$3=Heatmap!H2))} -> 34 | I9: {=SUMPRODUCT((Main!$C$4:$Q$17)*(Main!$B$4:$B$17=Heatmap!$A$9)*(Main!$C$3:$Q$3=Heatmap!I2))} -> 23 | ... O9: {=SUMPRODUCT((Main!$C$4:$Q$17)*(Main!$B$4:$B$17=Heatmap!$A$9)*(Main!$C$3:$Q$3=Heatmap!O2))} -> 1355
A10: RAILWAY | B10: {=SUMPRODUCT((Main!$C$4:$Q$17)*(Main!$B$4:$B$17=Heatmap!$A$10)*(Main!$C$3:$Q$3=Heatmap!B2))} -> 2 | C10: {=SUMPRODUCT((Main!$C$4:$Q$17)*(Main!$B$4:$B$17=Heatmap!$A$10)*(Main!$C$3:$Q$3=Heatmap!C2))} -> 10 | D10: {=SUMPRODUCT((Main!$C$4:$Q$17)*(Main!$B$4:$B$17=Heatmap!$A$10)*(Main!$C$3:$Q$3=Heatmap!D2))} -> 24 | E10: {=SUMPRODUCT((Main!$C$4:$Q$17)*(Main!$B$4:$B$17=Heatmap!$A$10)*(Main!$C$3:$Q$3=Heatmap!E2))} -> 2 | F10: {=SUMPRODUCT((Main!$C$4:$Q$17)*(Main!$B$4:$B$17=Heatmap!$A$10)*(Main!$C$3:$Q$3=Heatmap!F2))} -> 0 | G10: {=SUMPRODUCT((Main!$C$4:$Q$17)*(Main!$B$4:$B$17=Heatmap!$A$10)*(Main!$C$3:$Q$3=Heatmap!G2))} -> 5 | H10: {=SUMPRODUCT((Main!$C$4:$Q$17)*(Main!$B$4:$B$17=Heatmap!$A$10)*(Main!$C$3:$Q$3=Heatmap!H2))} -> 8 | I10: {=SUMPRODUCT((Main!$C$4:$Q$17)*(Main!$B$4:$B$17=Heatmap!$A$10)*(Main!$C$3:$Q$3=Heatmap!I2))} -> 1 | ... O10: {=SUMPRODUCT((Main!$C$4:$Q$17)*(Main!$B$4:$B$17=Heatmap!$A$10)*(Main!$C$3:$Q$3=Heatmap!O2))} -> 118

Sheet Dashboard
A1: Crime Statistics Dashboard- 2015
D34: DIVISION/Cases Type | E34: Dacoity | F34: Robbery | G34: Murder | H34: Speedy Trial | I34: Riot | J34: Woman & Child Repression | K34: Kidnapping | L34: Police Assault | M34: Burglary | N34: Theft | O34: Arms Act | P34: Explosive | Q34: Narcotics | R34: Smuggling
D35: DHAKA | E35: 195 | F35: 369 | G35: 1476 | H35: 784 | I35: 26 | J35: 6602 | K35: 351 | L35: 231 | M35: 1113 | N35: 3276 | O35: 630 | P35: 263 | Q35: 20795 | R35: 721
D36: CHITTAGONG | E36: 112 | F36: 194 | G36: 793 | H36: 218 | I36: 53 | J36: 4243 | K36: 149 | L36: 193 | M36: 534 | N36: 1168 | O36: 599 | P36: 99 | Q36: 10102 | R36: 267
D37: KHULNA | E37: 50 | F37: 127 | G37: 469 | H37: 170 | I37: 2 | J37: 3624 | K37: 86 | L37: 44 | M37: 299 | N37: 608 | O37: 351 | P37: 132 | Q37: 1679 | R37: 1219
D38: RAJSHAHI | E38: 37 | F38: 85 | G38: 466 | H38: 171 | I38: 4 | J38: 2470 | K38: 78 | L38: 58 | M38: 111 | N38: 507 | O38: 336 | P38: 174 | Q38: 2721 | R38: 2251
D39: BARISHAL | E39: 33 | F39: 58 | G39: 190 | H39: 63 | I39: 1 | J39: 1607 | K39: 57 | L39: 28 | M39: 189 | N39: 316 | O39: 43 | P39: 22 | Q39: 6354 | R39: 29
D40: SYLHET | E40: 45 | F40: 40 | G40: 289 | H40: 92 | I40: 7 | J40: 1082 | K40: 43 | L40: 51 | M40: 101 | N40: 415 | O40: 65 | P40: 16 | Q40: 3970 | R40: 219
D41: RANGPUR | E41: 17 | F41: 50 | G41: 328 | H41: 44 | I41: 0 | J41: 2587 | K41: 34 | L41: 23 | M41: 146 | N41: 460 | O41: 53 | P41: 10 | Q41: 496 | R41: 1355
D42: RAILWAY | E42: 2 | F42: 10 | G42: 24 | H42: 2 | I42: 0 | J42: 5 | K42: 8 | L42: 1 | M42: 1 | N42: 71 | O42: 4 | P42: 9 | Q42: 395 | R42: 118

Sheet Insights & Interpretation
A1: Top Dangerous Crime By Internet
A2: Rank | B2: Crime Type | C2: Reason / Severity
A3: 1 | B3: Murder | C3: Takes human life; punishable by death or life imprisonment.
A4: 2 | B4: Dacoity | C4: Armed gang robbery; often violent or deadly.
A5: 3 | B5: Woman & Child Repression | C5: Includes rape, trafficking, acid attacks; high social impact.
A6: 4 | B6: Kidnapping | C6: Threat to liberty and life; often linked to ransom or murder.
A7: 5 | B7: Arms Act | C7: Illegal firearms use or possession; serious public danger.
A8: 6 | B8: Explosive | C8: Use or possession of explosives; national security threat.
A9: 7 | B9: Narcotics | C9: Drug trafficking or dealing; major societal and legal issue.
A10: 8 | B10: Smuggling | C10: Cross-border trafficking; harms economy and security.
A11: 9 | B11: Robbery | C11: Robbery with violence or threat; serious but smaller scale.
A12: 10 | B12: Riot | C12: Group violence or disorder; dangerous but less targeted.
A13: 11 | B13: Police Assault | C13: Attack on police; serious but less lethal than others.
A14: 12 | B14: Burglary / Housebreaking | C14: Breaking into property; property-focused, sometimes violent.
... A16: 14 | B16: Speedy Trial | C16: Legal procedure for fast trial of heinous crimes.
A18: Insights & Interpretation
A20: 1. In our dashboard, we observe that there are various types of crime in Bangladesh. We also compile data on the most dangerous crimes, such as Dacoity, Murder, Violence against Women and Children, Repression, Kidnapping, and violations of the Arms Act, among others, in our country. According to the dashboard, the divisions of Dhaka, Chittagong, and Khulna are the most affected by these serious crimes. Additionally, we note that the number of recovery cases is significant. Therefore, we can conclude that the number of recovery cases is improving in parallel with the overall case numbers.
A21: 2. Based on our analysis, it is evident that narcotics-related offenses are the most frequently reported crimes across all divisions. Each division has a significant number of cases. Furthermore, this type of crime poses the greatest threat to our nation.
A22: 3. In my perspective, the variations in social, economic, and environmental conditions throughout Bangladesh can frequently be attributed to a combination of geographical, demographic, and developmental factors. Below, I outline several potential factors contributing to these differences:
A23: · Industrial and economic opportunities
A24: · Migration patterns
A25: · Infrastructure development
A26: · Land scarcity
A27: · Availability of agricultural land
A28: · Internal migration for employment, education, or climate reasons
A29: · Industrial concentration
A30: · Regional inequality
... A37: · Transportation, etc.
